date,team_h,team_a,score_h,score_a,forecast,proba_p1,proba_x,proba_p2,odds_p1,odds_x,odds_p2,success
11.06.26,Czechia,South Korea,1,2,1,0.224,0.509,0.268,2.90,3.10,2.6,-
11.06.26,Mexico,South Africa,2,0,0,0.714,0.262,0.023,1.40,4.50,8.50,+
12.06.26,Canada,Bosnia/Herzegovina,1,1,0,0.543,0.387,0.070,1.85,3.5,4.5,-
12.06.26,United States,Paraguay,4,0,1,0.138,0.476,0.387,2.08,3.3,3.9,-
13.06.26,Australia,Turkey,2,0,1,0.134,0.473,0.393,5.0,3.75,1.7,-
13.06.26,Brazil,Morocco,1,1,1,0.445,0.460,0.095,1.7,3.7,5.25,+
13.06.26,Haiti,Scotland,0,1,2,0.060,0.372,0.568,5.25,4.5,1.53,+
13.06.26,Qatar,Switzerland,1,1,2,0.009,0.169,0.822,13.0,6.5,1.23,-
14.06.26,Curaçao,Germany,1,7,2,0.008,0.155,0.838,29.0,17.0,1.04,+
14.06.26,Ecuador,Ivory Coast,0,1,0,0.602,0.352,0.046,2.38,2.8,3.6,-
14.06.26,Japan,Netherlands,2,2,1,0.180,0.507,0.314,3.7,3.6,2.0,+
14.06.26,Sweden,Tunisia,5,1,1,0.377,0.474,0.149,1.85,3.5,4.2,-
15.06.26,Belgium,Egypt,1,1,0,0.501,0.418,0.081,1.62,3.8,5.75,-
15.06.26,Cape Verde,Spain,0,0,2,0.002,0.084,0.913,21.0,12.0,1.08,-
15.06.26,Iran,New Zealand,2,2,0,0.521,0.400,0.078,1.83,3.4,4.75,-
15.06.26,Saudi Arabia,Uruguay,1,1,2,0.030,0.286,0.684,7.5,4.34,1.44,-
16.06.26,Algeria,Argentina,0,3,2,0.022,0.241,0.737,1.4,4.85,8.0,+
16.06.26,Austria,Jordan,3,1,0,0.449,0.446,0.105,1.33,5.5,7.5,+
16.06.26,France,Senegal,3,1,0,0.470,0.452,0.079,1.45,4.60,7.00,+
16.06.26,Iraq,Norway,1,4,2,0.035,0.305,0.660,12.00,6.50,1.22,+
17.06.26,Colombia,Uzbekistan,3,1,0,0.568,0.381,0.051,1.38,4.5,9.0,+
17.06.26,Croatia,England,2,4,1,0.148,0.490,0.362,4.5,3.8,1.73,-
17.06.26,DR Congo,Portugal,1,1,2,0.029,0.282,0.689,11.0,5.75,1.27,-
17.06.26,Ghana,Panama,1,0,2,0.062,0.371,0.567,2.15,3.50,3.30,-
18.06.26,Bosnia/Herzegovina,Switzerland,1,4,2,0.038,0.314,0.649,5.75,4.20,1.55,+
18.06.26,Canada,Qatar,6,0,0,0.757,0.225,0.018,1.29,5.50,10.00,+
18.06.26,Czechia,South Africa,1,1,0,0.561,0.374,0.065,1.75,3.80,4.33,-
18.06.26,Mexico,South Korea,1,0,1,0.386,0.484,0.130,1.95,3.30,4.10,-
19.06.26,Brazil,Haiti,3,0,0,0.808,0.183,0.009,1.11,9.50,19.00,+
19.06.26,Morocco,Scotland,1,0,1,0.318,0.505,0.176,1.73,3.70,5.00,-
19.06.26,Paraguay,Turkey,1,0,1,0.173,0.500,0.327,4.00,3.25,2.00,-
19.06.26,United States,Australia,2,0,1,0.183,0.502,0.315,1.62,4.00,5.50,-
20.06.26,Curaçao,Ecuador,0,0,2,0.007,0.148,0.845,21.00,11.00,1.09,-
20.06.26,Germany,Ivory Coast,2,1,0,0.589,0.361,0.049,1.55,4.20,5.75,+
20.06.26,Japan,Tunisia,4,0,0,0.621,0.337,0.042,1.53,3.80,7.50,+
20.06.26,Netherlands,Sweden,5,1,0,0.569,0.378,0.053,1.67,3.90,5.00,+
21.06.26,Belgium,Iran,0,0,1,0.384,0.485,0.131,1.42,4.50,7.50,+
21.06.26,Cape Verde,Uruguay,2,2,2,0.026,0.269,0.705,7.00,4.00,1.50,-
21.06.26,Egypt,New Zealand,3,1,1,0.409,0.459,0.131,1.60,4.00,5.50,-
21.06.26,Saudi Arabia,Spain,0,4,2,0.003,0.092,0.906,19.00,10.00,1.11,+
22.06.26,Algeria,Jordan,2,1,1,0.338,0.487,0.175,1.48,3.90,7.50,-
22.06.26,Argentina,Austria,2,0,0,0.573,0.383,0.044,1.60,3.80,5.50,+
22.06.26,France,Iraq,3,0,0,0.801,0.190,0.009,1.11,9.50,21.00,+
22.06.26,Norway,Senegal,3,2,1,0.282,0.516,0.202,2.10,3.30,3.50,-
23.06.26,Colombia,DR Congo,1,0,0,0.669,0.302,0.029,1.45,4.33,7.00,+
23.06.26,Croatia,Panama,1,0,0,0.502,0.423,0.075,1.53,4.00,6.00,+
23.06.26,England,Ghana,0,0,0,0.850,0.145,0.005,1.33,5.00,9.00,-
23.06.26,Portugal,Uzbekistan,5,0,0,0.580,0.372,0.048,1.25,6.50,9.00,+
24.06.26,Bosnia/Herzegovina,Qatar,3,1,0,0.522,0.395,0.083,1.35,5.25,7.50,+
24.06.26,Brazil,Scotland,3,0,0,0.520,0.415,0.065,1.30,5.50,9.50,+
24.06.26,Canada,Switzerland,1,2,1,0.147,0.481,0.372,3.10,3.10,2.45,-
24.06.26,Haiti,Morocco,2,4,2,0.040,0.318,0.642,15.0,7.50,1.17,+
24.06.26,Mexico,Czechia,3,0,1,0.430,0.460,0.110,1.91,3.80,3.70,-
24.06.26,South Africa,South Korea,1,0,2,0.064,0.378,0.559,5.75,4.0,1.60,-
25.06.26,Australia,Paraguay,0,0,1,0.200,0.504,0.296,4.50,2.2,2.63,+
25.06.26,Curaçao,Ivory Coast,0,2,2,0.064,0.360,0.576,15.0,8.0,1.17,+
25.06.26,Ecuador,Germany,3,2,1,0.250,0.521,0.230,4.75,4.75,1.56,-
25.06.26,Japan,Sweden,1,1,0,0.502,0.420,0.078,2.0,3.3,4.0,-
25.06.26,Netherlands,Tunisia,3,1,0,0.680,0.293,0.027,1.11,9.0,23.0,+
25.06.26,United States,Turkey,2,3,2,0.088,0.424,0.488,1.83,4.0,3.80,+
26.06.26,Belgium,New Zealand,5,1,0,0.647,0.317,0.037,1.18,7.0,13.0,+
26.06.26,Cape Verde,Saudi Arabia,0,0,1,0.254,0.487,0.259,2.63,3.30,2.63,+
26.06.26,Egypt,Iran,1,1,1,0.172,0.497,0.332,2.45,2.63,3.70,+
26.06.26,France,Norway,4,1,1,0.421,0.480,0.099,1.53,5.00,5.00,-
26.06.26,Iraq,Senegal,0,5,2,0.046,0.338,0.617,13.00,7.00,1.20,+
26.06.26,Spain,Uruguay,1,0,0,0.538,0.410,0.051,1.67,3.50,5.75,+
27.06.26,Algeria,Austria,3,3,1,0.164,0.491,0.345,3.50,2.05,3.50,+
27.06.26,Argentina,Jordan,3,1,0,0.746,0.240,0.014,1.13,9.00,19.00,+
27.06.26,Colombia,Portugal,0,0,1,0.220,0.523,0.257,3.30,3.80,2.05,+
27.06.26,Croatia,Ghana,2,1,0,0.796,0.193,0.011,1.8,3.10,5.75,+
27.06.26,DR Congo,Uzbekistan,3,1,1,0.177,0.492,0.331,1.73,3.70,5.00,-
27.06.26,England,Panama,2,0,0,0.602,0.357,0.041,1.14,8.50,17.00,+
28.06.26,Canada,South Africa,1,0,0,0.520,0.401,0.079,1.83,3.40,4.75,+
29.06.26,Brazil,Japan,2,1,1,0.347,0.507,0.146,1.75,3.50,5.00,-
29.06.26,Germany,Paraguay,1,1,1,0.373,0.490,0.136,1.33,5.00,9.50,+
29.06.26,Morocco,Netherlands,1,1,1,0.140,0.482,0.378,3.40,3.10,2.30,+
30.06.26,France,Sweden,3,0,0,0.688,0.291,0.021,1.25,6.00,11.00,+
30.06.26,Ivory Coast,Norway,1,2,2,0.091,0.432,0.477,3.60,3.40,2.10,+
30.06.26,Mexico,Ecuador,2,0,1,0.253,0.518,0.229,2.20,2.90,3.90,-
01.07.26,DR Congo,England,1,2,2,0.030,0.283,0.687,13.00,5.25,1.30,+
01.07.26,United States,Bosnia/Herzegovina,2,0,0,0.490,0.421,0.088,1.35,5.00,8.00,+
01.07.26,Belgium,Senegal,2,2,1,0.295,0.513,0.192,2.10,3.25,3.75,+
02.07.26,Croatia,Portugal,1,2,1,0.153,0.492,0.354,5.0,3.80,1.67,-
02.07.26,Algeria,Switzerland,0,2,1,0.125,0.467,0.408,2.00,3.25,2.00,-
02.07.26,Austria,Spain,0,3,2,0.035,0.295,0.670,11.00,5.25,1.30,+
03.07.26,Argentina,Cape Verde,2,2,0,0.826,0.168,0.006,1.14,8.00,19.00,-
03.07.26,Australia,Egypt,1,1,1,0.333,0.496,0.171,3.30,2.90,2.45,+
03.07.26,Colombia,Ghana,1,0,0,0.779,0.209,0.012,1.50,4.00,7.50,+
04.07.26,France,Paraguay,1,0,0,0.615,0.352,0.033,1.18,6.50,17.00,+
04.07.26,Moroco,Canada,3,0,0,0.502,0.423,0.075,1.80,3.25,5.25,+
05.07.26,Brazil,Norway,1,2,1,0.338,0.512,0.150,1.75,3.7,4.75,-
05.07.26,Mexico,England,2,3,1,0.137,0.480,0.382,3.00,3.00,2.60,-
06.07.26,Portugal,Spain,0,1,2,0.101,0.443,0.457,4.00,3.50,1.95,+
06.07.26,United States,Belgium,1,4,1,0.138,0.477,0.385,2.50,3.40,2.75,-
07.07.26,Argentina,Egypt,3,2,0,0.702,0.280,0.018,1.38,4.75,8.50,+
07.07.26,Colombia,Switzerland,0,0,1,0.300,0.522,0.178,2.30,3.00,3.40,+
09.07.26,France,Morocco,2,0,0,0.473,0.453,0.073,1.60,3.80,6.00,+
10.07.26,Belgium,Spain,1,2,2,0.065,0.380,0.555,5.25,3.90,1.65,+
11.07.26,Argentina,Switzerland,1,1,1,0.453,0.466,0.082,1.70,3.60,5.25,+
11.07.26,England,Norway,1,1,1,0.336,0.516,0.149,1.85,3.70,4.10,+
14.07.26,France,Spain,0,2,1,0.176,0.515,0.309,2.6,2.9,3.10,-
15.07.26,Argentina,England,2,1,1,0.287,0.530,0.182,3.10,2.88,2.63,-
